tick,F,L,R,D,state,elapsed,motor,cleaner,events
0,0,0,0,0,STOP_OFF,0,STOP,OFF,M:STOP|C:OFF
1,0,0,0,0,F_ON,0,FORWARD,ON,M:FORWARD|C:ON
2,0,0,0,1,F_POWER1,0,FORWARD,UP,C:UP
3,0,0,0,0,F_ON,0,FORWARD,ON,C:ON
4,1,0,0,1,RIGHT_OFF,0,RIGHT,OFF,C:OFF|M:RIGHT
5,0,0,0,0,RIGHT_OFF,1,RIGHT,OFF,
6,0,0,0,0,RIGHT_OFF,2,RIGHT,OFF,
7,0,0,0,0,RIGHT_OFF,3,RIGHT,OFF,
8,0,0,0,0,RIGHT_OFF,4,RIGHT,OFF,
9,0,0,0,0,F_ON,0,FORWARD,ON,M:FORWARD|C:ON
10,1,1,1,0,BACK_OFF,0,BACKWARD,OFF,C:OFF|M:BACKWARD
11,0,0,1,0,BACK_OFF,1,BACKWARD,OFF,
12,0,0,1,0,BACK_OFF,2,BACKWARD,OFF,
13,0,0,1,0,LEFT_OFF,0,LEFT,OFF,M:LEFT
14,0,0,0,0,LEFT_OFF,1,LEFT,OFF,
15,0,0,0,0,LEFT_OFF,2,LEFT,OFF,
16,0,0,0,0,LEFT_OFF,3,LEFT,OFF,
17,0,0,0,0,LEFT_OFF,4,LEFT,OFF,
18,0,0,0,0,F_ON,0,FORWARD,ON,M:FORWARD|C:ON
# shutdown,C:OFF|M:STOP
